{"cameraMode":{"drawMode":0,"name":"Shaded","section":"Shading Mode"},"sceneLighting":true,"audioPlay":false,"sceneViewState":{"m_AlwaysRefresh":false,"showFog":true,"showSkybox":false,"showFlares":true,"showImageEffects":true,"showParticleSystems":true,"showVisualEffectGraphs":true,"m_FxEnabled":true},"in2DMode":false,"pivot":{"x":-3.259423017501831,"y":-0.038175638765096667,"z":2.054330587387085},"rotation":{"x":0.03593529015779495,"y":-0.7873664498329163,"z":0.04611000046133995,"w":0.6137158870697022},"size":1.1785410642623902,"orthographic":false}