{"cameraMode":{"drawMode":0,"name":"Shaded","section":"Shading Mode"},"sceneLighting":true,"audioPlay":false,"sceneViewState":{"m_AlwaysRefresh":false,"showFog":true,"showSkybox":true,"showFlares":true,"showImageEffects":true,"showParticleSystems":true,"showVisualEffectGraphs":true,"m_FxEnabled":true},"in2DMode":false,"pivot":{"x":2.887136936187744,"y":-7.610197067260742,"z":33.83775329589844},"rotation":{"x":0.21785587072372437,"y":0.006712512578815222,"z":-0.0016579359071329237,"w":0.976014256477356},"size":64.74191284179688,"orthographic":false}