{"cameraMode":{"drawMode":0,"name":"Shaded","section":"Shading Mode"},"sceneLighting":false,"audioPlay":false,"sceneViewState":{"m_AlwaysRefresh":false,"showFog":true,"showSkybox":false,"showFlares":true,"showImageEffects":true,"showParticleSystems":true,"showVisualEffectGraphs":true,"m_FxEnabled":true},"in2DMode":false,"pivot":{"x":-1.8103865385055543,"y":-0.8024468421936035,"z":1.3895783424377442},"rotation":{"x":0.20727941393852235,"y":-0.22227901220321656,"z":0.04842304438352585,"w":0.9514680504798889},"size":2.5780508518218996,"orthographic":false}